<?xml version="1.0" encoding="UTF-8" standalone="yes"?>
<w:document xmlns:wpc="http://schemas.microsoft.com/office/word/2010/wordprocessingCanvas" xmlns:cx="http://schemas.microsoft.com/office/drawing/2014/chartex" xmlns:cx1="http://schemas.microsoft.com/office/drawing/2015/9/8/chartex" xmlns:cx2="http://schemas.microsoft.com/office/drawing/2015/10/21/chartex" xmlns:cx3="http://schemas.microsoft.com/office/drawing/2016/5/9/chartex" xmlns:cx4="http://schemas.microsoft.com/office/drawing/2016/5/10/chartex" xmlns:cx5="http://schemas.microsoft.com/office/drawing/2016/5/11/chartex" xmlns:cx6="http://schemas.microsoft.com/office/drawing/2016/5/12/chartex" xmlns:cx7="http://schemas.microsoft.com/office/drawing/2016/5/13/chartex" xmlns:cx8="http://schemas.microsoft.com/office/drawing/2016/5/14/chartex" xmlns:mc="http://schemas.openxmlformats.org/markup-compatibility/2006" xmlns:aink="http://schemas.microsoft.com/office/drawing/2016/ink" xmlns:am3d="http://schemas.microsoft.com/office/drawing/2017/model3d" xmlns:o="urn:schemas-microsoft-com:office:office" xmlns:r="http://schemas.openxmlformats.org/officeDocument/2006/relationships" xmlns:m="http://schemas.openxmlformats.org/officeDocument/2006/math" xmlns:v="urn:schemas-microsoft-com:vml" xmlns:wp14="http://schemas.microsoft.com/office/word/2010/wordprocessingDrawing" xmlns:wp="http://schemas.openxmlformats.org/drawingml/2006/wordprocessingDrawing" xmlns:w10="urn:schemas-microsoft-com:office:word" xmlns:w="http://schemas.openxmlformats.org/wordprocessingml/2006/main" xmlns:w14="http://schemas.microsoft.com/office/word/2010/wordml" xmlns:w15="http://schemas.microsoft.com/office/word/2012/wordml" xmlns:w16cid="http://schemas.microsoft.com/office/word/2016/wordml/cid" xmlns:w16se="http://schemas.microsoft.com/office/word/2015/wordml/symex" xmlns:wpg="http://schemas.microsoft.com/office/word/2010/wordprocessingGroup" xmlns:wpi="http://schemas.microsoft.com/office/word/2010/wordprocessingInk" xmlns:wne="http://schemas.microsoft.com/office/word/2006/wordml" xmlns:wps="http://schemas.microsoft.com/office/word/2010/wordprocessingShape" mc:Ignorable="w14 w15 w16se w16cid wp14"><w:body><w:p w14:paraId="1F4B1DB8" w14:textId="77777777" w:rsidR="00B33E0E" w:rsidRDefault="00CF1DC9"><w:pPr><w:pStyle w:val="Heading1"/></w:pPr><w:bookmarkStart w:id="0" w:name="ジョージ"/><w:bookmarkStart w:id="1" w:name="_GoBack"/><w:bookmarkEnd w:id="0"/><w:bookmarkEnd w:id="1"/><w:proofErr w:type="spellStart"/><w:r><w:t>ジョージ</w:t></w:r><w:proofErr w:type="spellEnd"/></w:p><w:p w14:paraId="1FBFEFB1" w14:textId="77777777" w:rsidR="00B33E0E" w:rsidRDefault="00CF1DC9"><w:pPr><w:pStyle w:val="FirstParagraph"/></w:pPr><w:r><w:t>@</w:t></w:r><w:proofErr w:type="spellStart"/><w:r><w:t>EFC_Jayy</w:t></w:r><w:proofErr w:type="spellEnd"/><w:r><w:t xml:space="preserve"> UKIP</w:t></w:r></w:p><w:p w14:paraId="215B1698" w14:textId="77777777" w:rsidR="00B33E0E" w:rsidRDefault="00CF1DC9"><w:pPr><w:pStyle w:val="Heading1"/></w:pPr><w:bookmarkStart w:id="2" w:name="yara-ma-yha-who"/><w:bookmarkEnd w:id="2"/><w:r><w:t>Yara-ma-</w:t></w:r><w:proofErr w:type="spellStart"/><w:r><w:t>yha</w:t></w:r><w:proofErr w:type="spellEnd"/><w:r><w:t>-who</w:t></w:r></w:p><w:p w14:paraId="3E7E8F06" w14:textId="77777777" w:rsidR="00B33E0E" w:rsidRDefault="00CF1DC9"><w:pPr><w:pStyle w:val="FirstParagraph"/></w:pPr><w:r><w:t>RT @Corbynator2: @</w:t></w:r><w:proofErr w:type="spellStart"/><w:r><w:t>jeremycorbyn</w:t></w:r><w:proofErr w:type="spellEnd"/><w:r><w:t xml:space="preserve"> Reaction from people at the Watford Rally: “We believe in Jeremy Corbyn!” “We need Jeremy!” #GE2017…</w:t></w:r></w:p><w:p w14:paraId="1841AFCD" w14:textId="77777777" w:rsidR="00B33E0E" w:rsidRDefault="00CF1DC9"><w:pPr><w:pStyle w:val="Heading1"/></w:pPr><w:bookmarkStart w:id="3" w:name="openly-classist"/><w:bookmarkEnd w:id="3"/><w:r><w:t>Openly classist</w:t></w:r></w:p><w:p w14:paraId="2B01FE0D" w14:textId="77777777" w:rsidR="00B33E0E" w:rsidRDefault="00CF1DC9"><w:pPr><w:pStyle w:val="FirstParagraph"/></w:pPr><w:r><w:t>RT @</w:t></w:r><w:proofErr w:type="spellStart"/><w:r><w:t>ryvr</w:t></w:r><w:proofErr w:type="spellEnd"/><w:r><w:t xml:space="preserve">: Stephen Hawking, the world’s smartest man, backs Jeremy Corbyn </w:t></w:r><w:hyperlink r:id="rId4"><w:r><w:rPr><w:rStyle w:val="InternetLink"/></w:rPr><w:t>https://t.co/2kl3ayLd44</w:t></w:r></w:hyperlink><w:r><w:t xml:space="preserve"> #</w:t></w:r><w:proofErr w:type="spellStart"/><w:r><w:t>TuesdayThoughts</w:t></w:r><w:proofErr w:type="spellEnd"/></w:p><w:p w14:paraId="067C0381" w14:textId="77777777" w:rsidR="00B33E0E" w:rsidRDefault="00CF1DC9"><w:pPr><w:pStyle w:val="Heading1"/></w:pPr><w:bookmarkStart w:id="4" w:name="stu"/><w:bookmarkEnd w:id="4"/><w:r><w:t>Stu</w:t></w:r></w:p><w:p w14:paraId="5E9F29FA" w14:textId="77777777" w:rsidR="00B33E0E" w:rsidRDefault="00CF1DC9"><w:pPr><w:pStyle w:val="FirstParagraph"/></w:pPr><w:r><w:t>RT @</w:t></w:r><w:proofErr w:type="spellStart"/><w:r><w:t>TheGreenParty</w:t></w:r><w:proofErr w:type="spellEnd"/><w:r><w:t>: How you cast your vote will shape the future. Every single vote counts. Tomo</w:t></w:r><w:r><w:t xml:space="preserve">rrow, #VoteGreen2017. </w:t></w:r><w:hyperlink r:id="rId5"><w:r><w:rPr><w:rStyle w:val="InternetLink"/></w:rPr><w:t>https://t.co/QgEdxfnDCK</w:t></w:r></w:hyperlink></w:p><w:p w14:paraId="1B1A4BEA" w14:textId="77777777" w:rsidR="00B33E0E" w:rsidRDefault="00CF1DC9"><w:pPr><w:pStyle w:val="Heading1"/></w:pPr><w:bookmarkStart w:id="5" w:name="ousama"/><w:bookmarkEnd w:id="5"/><w:proofErr w:type="spellStart"/><w:r><w:t>Ousama</w:t></w:r><w:proofErr w:type="spellEnd"/></w:p><w:p w14:paraId="5ADF1FA8" w14:textId="77777777" w:rsidR="00B33E0E" w:rsidRDefault="00CF1DC9"><w:pPr><w:pStyle w:val="FirstParagraph"/></w:pPr><w:r><w:t>RT @</w:t></w:r><w:proofErr w:type="spellStart"/><w:r><w:t>UKLabour</w:t></w:r><w:proofErr w:type="spellEnd"/><w:r><w:t>: #</w:t></w:r><w:proofErr w:type="spellStart"/><w:r><w:t>VoteLabour</w:t></w:r><w:proofErr w:type="spellEnd"/><w:r><w:t xml:space="preserve"> today for a fairer Britain. Find out where to vote, then share this ↓ </w:t></w:r><w:hyperlink r:id="rId6"><w:r><w:rPr><w:rStyle w:val="InternetLink"/></w:rPr><w:t>https://t.co/953WYc2p</w:t></w:r><w:r><w:rPr><w:rStyle w:val="InternetLink"/></w:rPr><w:t>0c</w:t></w:r></w:hyperlink><w:r><w:t xml:space="preserve"> </w:t></w:r><w:hyperlink r:id="rId7"><w:r><w:rPr><w:rStyle w:val="InternetLink"/></w:rPr><w:t>https://t.co/kDnXiJ</w:t></w:r></w:hyperlink><w:r><w:t>…</w:t></w:r></w:p><w:sectPr w:rsidR="00B33E0E"><w:pgSz w:w="12240" w:h="15840"/><w:pgMar w:top="1440" w:right="1440" w:bottom="1440" w:left="1440" w:header="0" w:footer="0" w:gutter="0"/><w:cols w:space="720"/><w:formProt w:val="0"/><w:docGrid w:linePitch="100"/></w:sectPr></w:body></w:document>