{
	"created_at": "Wed Jun 07 23:30:01 +0000 2017",
	"id": 872596536869363712,
	"id_str": "872596536869363712",
	"text": "RT @Corbynator2: @jeremycorbyn Reaction from people at the Watford Rally:\n\u201cWe believe in Jeremy Corbyn!\u201d\n\u201cWe need Jeremy!\u201d\n#GE2017\u2026 ",
	"source": "\u003ca href=\"http:\/\/twitter.com\" rel=\"nofollow\"\u003eTwitter Web Client\u003c\/a\u003e",
	"truncated": false,
	"in_reply_to_status_id": null,
	"in_reply_to_status_id_str": null,
	"in_reply_to_user_id": null,
	"in_reply_to_user_id_str": null,
	"in_reply_to_screen_name": null,
	"user": {
		"id": 153295243,
		"id_str": "153295243",
		"name": "Yara-ma-yha-who",
		"screen_name": "Unkle_Ken",
		"location": "Gondwana",
		"url": null,
		"description": "#Black. #Green. #Red. #Aboriginal. #Environmental. #Socialist. #Atheist.",
		"protected": false,
		"verified": false,
		"followers_count": 845,
		"friends_count": 439,
		"listed_count": 28,
		"favourites_count": 9813,
		"statuses_count": 10223,
		"created_at": "Tue Jun 08 05:05:23 +0000 2010",
		"utc_offset": 3600,
		"time_zone": "London",
		"geo_enabled": false,
		"lang": "en",
		"contributors_enabled": false,
		"is_translator": false,
		"profile_background_color": "07090B",
		"profile_background_image_url": "http:\/\/pbs.twimg.com\/profile_background_images\/602198618\/hffz79wbdq4aeb3euhev.jpeg",
		"profile_background_image_url_https": "https:\/\/pbs.twimg.com\/profile_background_images\/602198618\/hffz79wbdq4aeb3euhev.jpeg",
		"profile_background_tile": true,
		"profile_link_color": "C34242",
		"profile_sidebar_border_color": "BFBFBF",
		"profile_sidebar_fill_color": "C9C9C9",
		"profile_text_color": "1C1F23",
		"profile_use_background_image": true,
		"profile_image_url": "http:\/\/pbs.twimg.com\/profile_images\/853847632782909445\/1kwwQCjA_normal.jpg",
		"profile_image_url_https": "https:\/\/pbs.twimg.com\/profile_images\/853847632782909445\/1kwwQCjA_normal.jpg",
		"profile_banner_url": "https:\/\/pbs.twimg.com\/profile_banners\/153295243\/1492409435",
		"default_profile": false,
		"default_profile_image": false,
		"following": null,
		"follow_request_sent": null,
		"notifications": null
	},
	"geo": null,
	"coordinates": null,
	"place": null,
	"contributors": null,
	"retweeted_status": {
		"created_at": "Wed Jun 07 19:08:16 +0000 2017",
		"id": 872530668722540544,
		"id_str": "872530668722540544",
		"text": "@jeremycorbyn Reaction from people at the Watford Rally:\n\u201cWe believe in Jeremy Corbyn!\u201d\n\u201cWe need Jeremy!\u201d\n#GE2017\u2026 https:\/\/t.co\/SZWEyJjATi",
		"display_text_range": [14, 140],
		"source": "\u003ca href=\"http:\/\/twitter.com\" rel=\"nofollow\"\u003eTwitter Web Client\u003c\/a\u003e",
		"truncated": true,
		"in_reply_to_status_id": 872530449721155589,
		"in_reply_to_status_id_str": "872530449721155589",
		"in_reply_to_user_id": 795567688722616320,
		"in_reply_to_user_id_str": "795567688722616320",
		"in_reply_to_screen_name": "Corbynator2",
		"user": {
			"id": 795567688722616320,
			"id_str": "795567688722616320",
			"name": "Corbynator",
			"screen_name": "Corbynator2",
			"location": null,
			"url": null,
			"description": null,
			"protected": false,
			"verified": false,
			"followers_count": 5212,
			"friends_count": 4929,
			"listed_count": 22,
			"favourites_count": 7048,
			"statuses_count": 3561,
			"created_at": "Mon Nov 07 10:04:52 +0000 2016",
			"utc_offset": null,
			"time_zone": null,
			"geo_enabled": false,
			"lang": "en",
			"contributors_enabled": false,
			"is_translator": false,
			"profile_background_color": "F5F8FA",
			"profile_background_image_url": "",
			"profile_background_image_url_https": "",
			"profile_background_tile": false,
			"profile_link_color": "1DA1F2",
			"profile_sidebar_border_color": "C0DEED",
			"profile_sidebar_fill_color": "DDEEF6",
			"profile_text_color": "333333",
			"profile_use_background_image": true,
			"profile_image_url": "http:\/\/pbs.twimg.com\/profile_images\/847509257176199173\/P8-qGHBP_normal.jpg",
			"profile_image_url_https": "https:\/\/pbs.twimg.com\/profile_images\/847509257176199173\/P8-qGHBP_normal.jpg",
			"profile_banner_url": "https:\/\/pbs.twimg.com\/profile_banners\/795567688722616320\/1490861515",
			"default_profile": true,
			"default_profile_image": false,
			"following": null,
			"follow_request_sent": null,
			"notifications": null
		},
		"geo": null,
		"coordinates": null,
		"place": null,
		"contributors": null,
		"is_quote_status": false,
		"extended_tweet": {
			"full_text": "@jeremycorbyn Reaction from people at the Watford Rally:\n\u201cWe believe in Jeremy Corbyn!\u201d\n\u201cWe need Jeremy!\u201d\n#GE2017 #GE17 #Labour \nhttps:\/\/t.co\/D2uS9yNvhI",
			"display_text_range": [14, 152],
			"entities": {
				"hashtags": [{
						"text": "GE2017",
						"indices": [106, 113]
					}, {
						"text": "GE17",
						"indices": [114, 119]
					}, {
						"text": "Labour",
						"indices": [120, 127]
					}
				],
				"urls": [],
				"user_mentions": [{
						"screen_name": "jeremycorbyn",
						"name": "Jeremy Corbyn",
						"id": 117777690,
						"id_str": "117777690",
						"indices": [0, 13]
					}
				],
				"symbols": [],
				"media": [{
						"id": 872528502872035328,
						"id_str": "872528502872035328",
						"indices": [129, 152],
						"media_url": "http:\/\/pbs.twimg.com\/ext_tw_video_thumb\/872528502872035328\/pu\/img\/XFHFOcCBj4Py2wh3.jpg",
						"media_url_https": "https:\/\/pbs.twimg.com\/ext_tw_video_thumb\/872528502872035328\/pu\/img\/XFHFOcCBj4Py2wh3.jpg",
						"url": "https:\/\/t.co\/D2uS9yNvhI",
						"display_url": "pic.twitter.com\/D2uS9yNvhI",
						"expanded_url": "https:\/\/twitter.com\/Corbynator2\/status\/872528952455290882\/video\/1",
						"type": "video",
						"sizes": {
							"large": {
								"w": 738,
								"h": 738,
								"resize": "fit"
							},
							"small": {
								"w": 340,
								"h": 340,
								"resize": "fit"
							},
							"thumb": {
								"w": 150,
								"h": 150,
								"resize": "crop"
							},
							"medium": {
								"w": 600,
								"h": 600,
								"resize": "fit"
							}
						},
						"source_status_id": 872528952455290882,
						"source_status_id_str": "872528952455290882",
						"source_user_id": 795567688722616320,
						"source_user_id_str": "795567688722616320",
						"video_info": {
							"aspect_ratio": [1, 1],
							"duration_millis": 28416,
							"variants": [{
									"bitrate": 832000,
									"content_type": "video\/mp4",
									"url": "https:\/\/video.twimg.com\/ext_tw_video\/872528502872035328\/pu\/vid\/478x480\/vfIqRq4UrUVsbv5D.mp4"
								}, {
									"bitrate": 1280000,
									"content_type": "video\/mp4",
									"url": "https:\/\/video.twimg.com\/ext_tw_video\/872528502872035328\/pu\/vid\/720x720\/zPcqhr0zQZopSb2h.mp4"
								}, {
									"content_type": "application\/x-mpegURL",
									"url": "https:\/\/video.twimg.com\/ext_tw_video\/872528502872035328\/pu\/pl\/9kfiktqpVaJAZu9N.m3u8"
								}, {
									"bitrate": 320000,
									"content_type": "video\/mp4",
									"url": "https:\/\/video.twimg.com\/ext_tw_video\/872528502872035328\/pu\/vid\/238x240\/vThO8zhkt3f4Nzod.mp4"
								}
							]
						}
					}
				]
			},
			"extended_entities": {
				"media": [{
						"id": 872528502872035328,
						"id_str": "872528502872035328",
						"indices": [129, 152],
						"media_url": "http:\/\/pbs.twimg.com\/ext_tw_video_thumb\/872528502872035328\/pu\/img\/XFHFOcCBj4Py2wh3.jpg",
						"media_url_https": "https:\/\/pbs.twimg.com\/ext_tw_video_thumb\/872528502872035328\/pu\/img\/XFHFOcCBj4Py2wh3.jpg",
						"url": "https:\/\/t.co\/D2uS9yNvhI",
						"display_url": "pic.twitter.com\/D2uS9yNvhI",
						"expanded_url": "https:\/\/twitter.com\/Corbynator2\/status\/872528952455290882\/video\/1",
						"type": "video",
						"sizes": {
							"large": {
								"w": 738,
								"h": 738,
								"resize": "fit"
							},
							"small": {
								"w": 340,
								"h": 340,
								"resize": "fit"
							},
							"thumb": {
								"w": 150,
								"h": 150,
								"resize": "crop"
							},
							"medium": {
								"w": 600,
								"h": 600,
								"resize": "fit"
							}
						},
						"source_status_id": 872528952455290882,
						"source_status_id_str": "872528952455290882",
						"source_user_id": 795567688722616320,
						"source_user_id_str": "795567688722616320",
						"video_info": {
							"aspect_ratio": [1, 1],
							"duration_millis": 28416,
							"variants": [{
									"bitrate": 832000,
									"content_type": "video\/mp4",
									"url": "https:\/\/video.twimg.com\/ext_tw_video\/872528502872035328\/pu\/vid\/478x480\/vfIqRq4UrUVsbv5D.mp4"
								}, {
									"bitrate": 1280000,
									"content_type": "video\/mp4",
									"url": "https:\/\/video.twimg.com\/ext_tw_video\/872528502872035328\/pu\/vid\/720x720\/zPcqhr0zQZopSb2h.mp4"
								}, {
									"content_type": "application\/x-mpegURL",
									"url": "https:\/\/video.twimg.com\/ext_tw_video\/872528502872035328\/pu\/pl\/9kfiktqpVaJAZu9N.m3u8"
								}, {
									"bitrate": 320000,
									"content_type": "video\/mp4",
									"url": "https:\/\/video.twimg.com\/ext_tw_video\/872528502872035328\/pu\/vid\/238x240\/vThO8zhkt3f4Nzod.mp4"
								}
							]
						}
					}
				]
			}
		},
		"retweet_count": 90,
		"favorite_count": 108,
		"entities": {
			"hashtags": [{
					"text": "GE2017",
					"indices": [106, 113]
				}
			],
			"urls": [{
					"url": "https:\/\/t.co\/SZWEyJjATi",
					"expanded_url": "https:\/\/twitter.com\/i\/web\/status\/872530668722540544",
					"display_url": "twitter.com\/i\/web\/status\/8\u2026",
					"indices": [115, 138]
				}
			],
			"user_mentions": [{
					"screen_name": "jeremycorbyn",
					"name": "Jeremy Corbyn",
					"id": 117777690,
					"id_str": "117777690",
					"indices": [0, 13]
				}
			],
			"symbols": []
		},
		"favorited": false,
		"retweeted": false,
		"possibly_sensitive": false,
		"filter_level": "low",
		"lang": "en"
	},
	"is_quote_status": false,
	"retweet_count": 0,
	"favorite_count": 0,
	"entities": {
		"hashtags": [{
				"text": "GE2017",
				"indices": [123, 130]
			}
		],
		"urls": [{
				"url": "",
				"expanded_url": null,
				"indices": [132, 132]
			}
		],
		"user_mentions": [{
				"screen_name": "Corbynator2",
				"name": "Corbynator",
				"id": 795567688722616320,
				"id_str": "795567688722616320",
				"indices": [3, 15]
			}, {
				"screen_name": "jeremycorbyn",
				"name": "Jeremy Corbyn",
				"id": 117777690,
				"id_str": "117777690",
				"indices": [17, 30]
			}
		],
		"symbols": []
	},
	"favorited": false,
	"retweeted": false,
	"filter_level": "low",
	"lang": "en",
	"timestamp_ms": "1496878201106"
}