<?xml version="1.0" encoding="UTF-8"?>
<root>
   <contributors null="true" />
   <coordinates null="true" />
   <created_at>Wed Jun 07 23:30:01 +0000 2017</created_at>
   <entities>
      <hashtags>
         <element>
            <indices>
               <element>123</element>
               <element>130</element>
            </indices>
            <text>GE2017</text>
         </element>
      </hashtags>
      <symbols />
      <urls>
         <element>
            <expanded_url null="true" />
            <indices>
               <element>132</element>
               <element>132</element>
            </indices>
            <url />
         </element>
      </urls>
      <user_mentions>
         <element>
            <id>795567688722616320</id>
            <id_str>795567688722616320</id_str>
            <indices>
               <element>3</element>
               <element>15</element>
            </indices>
            <name>Corbynator</name>
            <screen_name>Corbynator2</screen_name>
         </element>
         <element>
            <id>117777690</id>
            <id_str>117777690</id_str>
            <indices>
               <element>17</element>
               <element>30</element>
            </indices>
            <name>Jeremy Corbyn</name>
            <screen_name>jeremycorbyn</screen_name>
         </element>
      </user_mentions>
   </entities>
   <favorite_count>0</favorite_count>
   <favorited>false</favorited>
   <filter_level>low</filter_level>
   <geo null="true" />
   <id>872596536869363712</id>
   <id_str>872596536869363712</id_str>
   <in_reply_to_screen_name null="true" />
   <in_reply_to_status_id null="true" />
   <in_reply_to_status_id_str null="true" />
   <in_reply_to_user_id null="true" />
   <in_reply_to_user_id_str null="true" />
   <is_quote_status>false</is_quote_status>
   <lang>en</lang>
   <place null="true" />
   <retweet_count>0</retweet_count>
   <retweeted>false</retweeted>
   <retweeted_status>
      <contributors null="true" />
      <coordinates null="true" />
      <created_at>Wed Jun 07 19:08:16 +0000 2017</created_at>
      <display_text_range>
         <element>14</element>
         <element>140</element>
      </display_text_range>
      <entities>
         <hashtags>
            <element>
               <indices>
                  <element>106</element>
                  <element>113</element>
               </indices>
               <text>GE2017</text>
            </element>
         </hashtags>
         <symbols />
         <urls>
            <element>
               <display_url>twitter.com/i/web/status/8…</display_url>
               <expanded_url>https://twitter.com/i/web/status/872530668722540544</expanded_url>
               <indices>
                  <element>115</element>
                  <element>138</element>
               </indices>
               <url>https://t.co/SZWEyJjATi</url>
            </element>
         </urls>
         <user_mentions>
            <element>
               <id>117777690</id>
               <id_str>117777690</id_str>
               <indices>
                  <element>0</element>
                  <element>13</element>
               </indices>
               <name>Jeremy Corbyn</name>
               <screen_name>jeremycorbyn</screen_name>
            </element>
         </user_mentions>
      </entities>
      <extended_tweet>
         <display_text_range>
            <element>14</element>
            <element>152</element>
         </display_text_range>
         <entities>
            <hashtags>
               <element>
                  <indices>
                     <element>106</element>
                     <element>113</element>
                  </indices>
                  <text>GE2017</text>
               </element>
               <element>
                  <indices>
                     <element>114</element>
                     <element>119</element>
                  </indices>
                  <text>GE17</text>
               </element>
               <element>
                  <indices>
                     <element>120</element>
                     <element>127</element>
                  </indices>
                  <text>Labour</text>
               </element>
            </hashtags>
            <media>
               <element>
                  <display_url>pic.twitter.com/D2uS9yNvhI</display_url>
                  <expanded_url>https://twitter.com/Corbynator2/status/872528952455290882/video/1</expanded_url>
                  <id>872528502872035328</id>
                  <id_str>872528502872035328</id_str>
                  <indices>
                     <element>129</element>
                     <element>152</element>
                  </indices>
                  <media_url>http://pbs.twimg.com/ext_tw_video_thumb/872528502872035328/pu/img/XFHFOcCBj4Py2wh3.jpg</media_url>
                  <media_url_https>https://pbs.twimg.com/ext_tw_video_thumb/872528502872035328/pu/img/XFHFOcCBj4Py2wh3.jpg</media_url_https>
                  <sizes>
                     <large>
                        <h>738</h>
                        <resize>fit</resize>
                        <w>738</w>
                     </large>
                     <medium>
                        <h>600</h>
                        <resize>fit</resize>
                        <w>600</w>
                     </medium>
                     <small>
                        <h>340</h>
                        <resize>fit</resize>
                        <w>340</w>
                     </small>
                     <thumb>
                        <h>150</h>
                        <resize>crop</resize>
                        <w>150</w>
                     </thumb>
                  </sizes>
                  <source_status_id>872528952455290882</source_status_id>
                  <source_status_id_str>872528952455290882</source_status_id_str>
                  <source_user_id>795567688722616320</source_user_id>
                  <source_user_id_str>795567688722616320</source_user_id_str>
                  <type>video</type>
                  <url>https://t.co/D2uS9yNvhI</url>
                  <video_info>
                     <aspect_ratio>
                        <element>1</element>
                        <element>1</element>
                     </aspect_ratio>
                     <duration_millis>28416</duration_millis>
                     <variants>
                        <element>
                           <bitrate>832000</bitrate>
                           <content_type>video/mp4</content_type>
                           <url>https://video.twimg.com/ext_tw_video/872528502872035328/pu/vid/478x480/vfIqRq4UrUVsbv5D.mp4</url>
                        </element>
                        <element>
                           <bitrate>1280000</bitrate>
                           <content_type>video/mp4</content_type>
                           <url>https://video.twimg.com/ext_tw_video/872528502872035328/pu/vid/720x720/zPcqhr0zQZopSb2h.mp4</url>
                        </element>
                        <element>
                           <content_type>application/x-mpegURL</content_type>
                           <url>https://video.twimg.com/ext_tw_video/872528502872035328/pu/pl/9kfiktqpVaJAZu9N.m3u8</url>
                        </element>
                        <element>
                           <bitrate>320000</bitrate>
                           <content_type>video/mp4</content_type>
                           <url>https://video.twimg.com/ext_tw_video/872528502872035328/pu/vid/238x240/vThO8zhkt3f4Nzod.mp4</url>
                        </element>
                     </variants>
                  </video_info>
               </element>
            </media>
            <symbols />
            <urls />
            <user_mentions>
               <element>
                  <id>117777690</id>
                  <id_str>117777690</id_str>
                  <indices>
                     <element>0</element>
                     <element>13</element>
                  </indices>
                  <name>Jeremy Corbyn</name>
                  <screen_name>jeremycorbyn</screen_name>
               </element>
            </user_mentions>
         </entities>
         <extended_entities>
            <media>
               <element>
                  <display_url>pic.twitter.com/D2uS9yNvhI</display_url>
                  <expanded_url>https://twitter.com/Corbynator2/status/872528952455290882/video/1</expanded_url>
                  <id>872528502872035328</id>
                  <id_str>872528502872035328</id_str>
                  <indices>
                     <element>129</element>
                     <element>152</element>
                  </indices>
                  <media_url>http://pbs.twimg.com/ext_tw_video_thumb/872528502872035328/pu/img/XFHFOcCBj4Py2wh3.jpg</media_url>
                  <media_url_https>https://pbs.twimg.com/ext_tw_video_thumb/872528502872035328/pu/img/XFHFOcCBj4Py2wh3.jpg</media_url_https>
                  <sizes>
                     <large>
                        <h>738</h>
                        <resize>fit</resize>
                        <w>738</w>
                     </large>
                     <medium>
                        <h>600</h>
                        <resize>fit</resize>
                        <w>600</w>
                     </medium>
                     <small>
                        <h>340</h>
                        <resize>fit</resize>
                        <w>340</w>
                     </small>
                     <thumb>
                        <h>150</h>
                        <resize>crop</resize>
                        <w>150</w>
                     </thumb>
                  </sizes>
                  <source_status_id>872528952455290882</source_status_id>
                  <source_status_id_str>872528952455290882</source_status_id_str>
                  <source_user_id>795567688722616320</source_user_id>
                  <source_user_id_str>795567688722616320</source_user_id_str>
                  <type>video</type>
                  <url>https://t.co/D2uS9yNvhI</url>
                  <video_info>
                     <aspect_ratio>
                        <element>1</element>
                        <element>1</element>
                     </aspect_ratio>
                     <duration_millis>28416</duration_millis>
                     <variants>
                        <element>
                           <bitrate>832000</bitrate>
                           <content_type>video/mp4</content_type>
                           <url>https://video.twimg.com/ext_tw_video/872528502872035328/pu/vid/478x480/vfIqRq4UrUVsbv5D.mp4</url>
                        </element>
                        <element>
                           <bitrate>1280000</bitrate>
                           <content_type>video/mp4</content_type>
                           <url>https://video.twimg.com/ext_tw_video/872528502872035328/pu/vid/720x720/zPcqhr0zQZopSb2h.mp4</url>
                        </element>
                        <element>
                           <content_type>application/x-mpegURL</content_type>
                           <url>https://video.twimg.com/ext_tw_video/872528502872035328/pu/pl/9kfiktqpVaJAZu9N.m3u8</url>
                        </element>
                        <element>
                           <bitrate>320000</bitrate>
                           <content_type>video/mp4</content_type>
                           <url>https://video.twimg.com/ext_tw_video/872528502872035328/pu/vid/238x240/vThO8zhkt3f4Nzod.mp4</url>
                        </element>
                     </variants>
                  </video_info>
               </element>
            </media>
         </extended_entities>
         <full_text>@jeremycorbyn Reaction from people at the Watford Rally:
“We believe in Jeremy Corbyn!”
“We need Jeremy!”
#GE2017 #GE17 #Labour 
https://t.co/D2uS9yNvhI</full_text>
      </extended_tweet>
      <favorite_count>108</favorite_count>
      <favorited>false</favorited>
      <filter_level>low</filter_level>
      <geo null="true" />
      <id>872530668722540544</id>
      <id_str>872530668722540544</id_str>
      <in_reply_to_screen_name>Corbynator2</in_reply_to_screen_name>
      <in_reply_to_status_id>872530449721155589</in_reply_to_status_id>
      <in_reply_to_status_id_str>872530449721155589</in_reply_to_status_id_str>
      <in_reply_to_user_id>795567688722616320</in_reply_to_user_id>
      <in_reply_to_user_id_str>795567688722616320</in_reply_to_user_id_str>
      <is_quote_status>false</is_quote_status>
      <lang>en</lang>
      <place null="true" />
      <possibly_sensitive>false</possibly_sensitive>
      <retweet_count>90</retweet_count>
      <retweeted>false</retweeted>
      <source>&lt;a href="http://twitter.com" rel="nofollow"&gt;Twitter Web Client&lt;/a&gt;</source>
      <text>@jeremycorbyn Reaction from people at the Watford Rally:
“We believe in Jeremy Corbyn!”
“We need Jeremy!”
#GE2017… https://t.co/SZWEyJjATi</text>
      <truncated>true</truncated>
      <user>
         <contributors_enabled>false</contributors_enabled>
         <created_at>Mon Nov 07 10:04:52 +0000 2016</created_at>
         <default_profile>true</default_profile>
         <default_profile_image>false</default_profile_image>
         <description null="true" />
         <favourites_count>7048</favourites_count>
         <follow_request_sent null="true" />
         <followers_count>5212</followers_count>
         <following null="true" />
         <friends_count>4929</friends_count>
         <geo_enabled>false</geo_enabled>
         <id>795567688722616320</id>
         <id_str>795567688722616320</id_str>
         <is_translator>false</is_translator>
         <lang>en</lang>
         <listed_count>22</listed_count>
         <location null="true" />
         <name>Corbynator</name>
         <notifications null="true" />
         <profile_background_color>F5F8FA</profile_background_color>
         <profile_background_image_url />
         <profile_background_image_url_https />
         <profile_background_tile>false</profile_background_tile>
         <profile_banner_url>https://pbs.twimg.com/profile_banners/795567688722616320/1490861515</profile_banner_url>
         <profile_image_url>http://pbs.twimg.com/profile_images/847509257176199173/P8-qGHBP_normal.jpg</profile_image_url>
         <profile_image_url_https>https://pbs.twimg.com/profile_images/847509257176199173/P8-qGHBP_normal.jpg</profile_image_url_https>
         <profile_link_color>1DA1F2</profile_link_color>
         <profile_sidebar_border_color>C0DEED</profile_sidebar_border_color>
         <profile_sidebar_fill_color>DDEEF6</profile_sidebar_fill_color>
         <profile_text_color>333333</profile_text_color>
         <profile_use_background_image>true</profile_use_background_image>
         <protected>false</protected>
         <screen_name>Corbynator2</screen_name>
         <statuses_count>3561</statuses_count>
         <time_zone null="true" />
         <url null="true" />
         <utc_offset null="true" />
         <verified>false</verified>
      </user>
   </retweeted_status>
   <source>&lt;a href="http://twitter.com" rel="nofollow"&gt;Twitter Web Client&lt;/a&gt;</source>
   <text>RT @Corbynator2: @jeremycorbyn Reaction from people at the Watford Rally:
“We believe in Jeremy Corbyn!”
“We need Jeremy!”
#GE2017… </text>
   <timestamp_ms>1496878201106</timestamp_ms>
   <truncated>false</truncated>
   <user>
      <contributors_enabled>false</contributors_enabled>
      <created_at>Tue Jun 08 05:05:23 +0000 2010</created_at>
      <default_profile>false</default_profile>
      <default_profile_image>false</default_profile_image>
      <description>#Black. #Green. #Red. #Aboriginal. #Environmental. #Socialist. #Atheist.</description>
      <favourites_count>9813</favourites_count>
      <follow_request_sent null="true" />
      <followers_count>845</followers_count>
      <following null="true" />
      <friends_count>439</friends_count>
      <geo_enabled>false</geo_enabled>
      <id>153295243</id>
      <id_str>153295243</id_str>
      <is_translator>false</is_translator>
      <lang>en</lang>
      <listed_count>28</listed_count>
      <location>Gondwana</location>
      <name>Yara-ma-yha-who</name>
      <notifications null="true" />
      <profile_background_color>07090B</profile_background_color>
      <profile_background_image_url>http://pbs.twimg.com/profile_background_images/602198618/hffz79wbdq4aeb3euhev.jpeg</profile_background_image_url>
      <profile_background_image_url_https>https://pbs.twimg.com/profile_background_images/602198618/hffz79wbdq4aeb3euhev.jpeg</profile_background_image_url_https>
      <profile_background_tile>true</profile_background_tile>
      <profile_banner_url>https://pbs.twimg.com/profile_banners/153295243/1492409435</profile_banner_url>
      <profile_image_url>http://pbs.twimg.com/profile_images/853847632782909445/1kwwQCjA_normal.jpg</profile_image_url>
      <profile_image_url_https>https://pbs.twimg.com/profile_images/853847632782909445/1kwwQCjA_normal.jpg</profile_image_url_https>
      <profile_link_color>C34242</profile_link_color>
      <profile_sidebar_border_color>BFBFBF</profile_sidebar_border_color>
      <profile_sidebar_fill_color>C9C9C9</profile_sidebar_fill_color>
      <profile_text_color>1C1F23</profile_text_color>
      <profile_use_background_image>true</profile_use_background_image>
      <protected>false</protected>
      <screen_name>Unkle_Ken</screen_name>
      <statuses_count>10223</statuses_count>
      <time_zone>London</time_zone>
      <url null="true" />
      <utc_offset>3600</utc_offset>
      <verified>false</verified>
   </user>
</root>

