{"created_at":"Wed Jun 07 23:30:01 +0000 2017","id":872596537142116352,"id_str":"872596537142116352","text":"@EFC_Jayy UKIP","display_text_range":[10,14],"source":"\u003ca href=\"http:\/\/twitter.com\/download\/iphone\" rel=\"nofollow\"\u003eTwitter for iPhone\u003c\/a\u003e","truncated":false,"in_reply_to_status_id":872596176834572288,"in_reply_to_status_id_str":"872596176834572288","in_reply_to_user_id":4556760676,"in_reply_to_user_id_str":"4556760676","in_reply_to_screen_name":"EFC_Jayy","user":{"id":863929468984995840,"id_str":"863929468984995840","name":"\u30b8\u30e7\u30fc\u30b8","screen_name":"CoysJoji","location":"Japan","url":null,"description":null,"protected":false,"verified":false,"followers_count":367,"friends_count":304,"listed_count":1,"favourites_count":1260,"statuses_count":2930,"created_at":"Mon May 15 01:30:11 +0000 2017","utc_offset":null,"time_zone":null,"geo_enabled":false,"lang":"en","contributors_enabled":false,"is_translator":false,"profile_background_color":"F5F8FA","profile_background_image_url":"","profile_background_image_url_https":"","profile_background_tile":false,"profile_link_color":"1DA1F2","profile_sidebar_border_color":"C0DEED","profile_sidebar_fill_color":"DDEEF6","profile_text_color":"333333","profile_use_background_image":true,"profile_image_url":"http:\/\/pbs.twimg.com\/profile_images\/870447188400365568\/RiR1hbCe_normal.jpg","profile_image_url_https":"https:\/\/pbs.twimg.com\/profile_images\/870447188400365568\/RiR1hbCe_normal.jpg","profile_banner_url":"https:\/\/pbs.twimg.com\/profile_banners\/863929468984995840\/1494897624","default_profile":true,"default_profile_image":false,"following":null,"follow_request_sent":null,"notifications":null},"geo":null,"coordinates":null,"place":null,"contributors":null,"is_quote_status":false,"retweet_count":0,"favorite_count":0,"entities":{"hashtags":[],"urls":[],"user_mentions":[{"screen_name":"EFC_Jayy","name":"\u274c\u274c\u274c","id":4556760676,"id_str":"4556760676","indices":[0,9]}],"symbols":[]},"favorited":false,"retweeted":false,"filter_level":"low","lang":"en","timestamp_ms":"1496878201171"}
{"created_at":"Wed Jun 07 23:30:01 +0000 2017","id":872596536869363712,"id_str":"872596536869363712","text":"RT @Corbynator2: @jeremycorbyn Reaction from people at the Watford Rally:\n\u201cWe believe in Jeremy Corbyn!\u201d\n\u201cWe need Jeremy!\u201d\n#GE2017\u2026 ","source":"\u003ca href=\"http:\/\/twitter.com\" rel=\"nofollow\"\u003eTwitter Web Client\u003c\/a\u003e","truncated":false,"in_reply_to_status_id":null,"in_reply_to_status_id_str":null,"in_reply_to_user_id":null,"in_reply_to_user_id_str":null,"in_reply_to_screen_name":null,"user":{"id":153295243,"id_str":"153295243","name":"Yara-ma-yha-who","screen_name":"Unkle_Ken","location":"Gondwana","url":null,"description":"#Black. #Green. #Red. #Aboriginal. #Environmental. #Socialist. #Atheist.","protected":false,"verified":false,"followers_count":845,"friends_count":439,"listed_count":28,"favourites_count":9813,"statuses_count":10223,"created_at":"Tue Jun 08 05:05:23 +0000 2010","utc_offset":3600,"time_zone":"London","geo_enabled":false,"lang":"en","contributors_enabled":false,"is_translator":false,"profile_background_color":"07090B","profile_background_image_url":"http:\/\/pbs.twimg.com\/profile_background_images\/602198618\/hffz79wbdq4aeb3euhev.jpeg","profile_background_image_url_https":"https:\/\/pbs.twimg.com\/profile_background_images\/602198618\/hffz79wbdq4aeb3euhev.jpeg","profile_background_tile":true,"profile_link_color":"C34242","profile_sidebar_border_color":"BFBFBF","profile_sidebar_fill_color":"C9C9C9","profile_text_color":"1C1F23","profile_use_background_image":true,"profile_image_url":"http:\/\/pbs.twimg.com\/profile_images\/853847632782909445\/1kwwQCjA_normal.jpg","profile_image_url_https":"https:\/\/pbs.twimg.com\/profile_images\/853847632782909445\/1kwwQCjA_normal.jpg","profile_banner_url":"https:\/\/pbs.twimg.com\/profile_banners\/153295243\/1492409435","default_profile":false,"default_profile_image":false,"following":null,"follow_request_sent":null,"notifications":null},"geo":null,"coordinates":null,"place":null,"contributors":null,"retweeted_status":{"created_at":"Wed Jun 07 19:08:16 +0000 2017","id":872530668722540544,"id_str":"872530668722540544","text":"@jeremycorbyn Reaction from people at the Watford Rally:\n\u201cWe believe in Jeremy Corbyn!\u201d\n\u201cWe need Jeremy!\u201d\n#GE2017\u2026 https:\/\/t.co\/SZWEyJjATi","display_text_range":[14,140],"source":"\u003ca href=\"http:\/\/twitter.com\" rel=\"nofollow\"\u003eTwitter Web Client\u003c\/a\u003e","truncated":true,"in_reply_to_status_id":872530449721155589,"in_reply_to_status_id_str":"872530449721155589","in_reply_to_user_id":795567688722616320,"in_reply_to_user_id_str":"795567688722616320","in_reply_to_screen_name":"Corbynator2","user":{"id":795567688722616320,"id_str":"795567688722616320","name":"Corbynator","screen_name":"Corbynator2","location":null,"url":null,"description":null,"protected":false,"verified":false,"followers_count":5212,"friends_count":4929,"listed_count":22,"favourites_count":7048,"statuses_count":3561,"created_at":"Mon Nov 07 10:04:52 +0000 2016","utc_offset":null,"time_zone":null,"geo_enabled":false,"lang":"en","contributors_enabled":false,"is_translator":false,"profile_background_color":"F5F8FA","profile_background_image_url":"","profile_background_image_url_https":"","profile_background_tile":false,"profile_link_color":"1DA1F2","profile_sidebar_border_color":"C0DEED","profile_sidebar_fill_color":"DDEEF6","profile_text_color":"333333","profile_use_background_image":true,"profile_image_url":"http:\/\/pbs.twimg.com\/profile_images\/847509257176199173\/P8-qGHBP_normal.jpg","profile_image_url_https":"https:\/\/pbs.twimg.com\/profile_images\/847509257176199173\/P8-qGHBP_normal.jpg","profile_banner_url":"https:\/\/pbs.twimg.com\/profile_banners\/795567688722616320\/1490861515","default_profile":true,"default_profile_image":false,"following":null,"follow_request_sent":null,"notifications":null},"geo":null,"coordinates":null,"place":null,"contributors":null,"is_quote_status":false,"extended_tweet":{"full_text":"@jeremycorbyn Reaction from people at the Watford Rally:\n\u201cWe believe in Jeremy Corbyn!\u201d\n\u201cWe need Jeremy!\u201d\n#GE2017 #GE17 #Labour \nhttps:\/\/t.co\/D2uS9yNvhI","display_text_range":[14,152],"entities":{"hashtags":[{"text":"GE2017","indices":[106,113]},{"text":"GE17","indices":[114,119]},{"text":"Labour","indices":[120,127]}],"urls":[],"user_mentions":[{"screen_name":"jeremycorbyn","name":"Jeremy Corbyn","id":117777690,"id_str":"117777690","indices":[0,13]}],"symbols":[],"media":[{"id":872528502872035328,"id_str":"872528502872035328","indices":[129,152],"media_url":"http:\/\/pbs.twimg.com\/ext_tw_video_thumb\/872528502872035328\/pu\/img\/XFHFOcCBj4Py2wh3.jpg","media_url_https":"https:\/\/pbs.twimg.com\/ext_tw_video_thumb\/872528502872035328\/pu\/img\/XFHFOcCBj4Py2wh3.jpg","url":"https:\/\/t.co\/D2uS9yNvhI","display_url":"pic.twitter.com\/D2uS9yNvhI","expanded_url":"https:\/\/twitter.com\/Corbynator2\/status\/872528952455290882\/video\/1","type":"video","sizes":{"large":{"w":738,"h":738,"resize":"fit"},"small":{"w":340,"h":340,"resize":"fit"},"thumb":{"w":150,"h":150,"resize":"crop"},"medium":{"w":600,"h":600,"resize":"fit"}},"source_status_id":872528952455290882,"source_status_id_str":"872528952455290882","source_user_id":795567688722616320,"source_user_id_str":"795567688722616320","video_info":{"aspect_ratio":[1,1],"duration_millis":28416,"variants":[{"bitrate":832000,"content_type":"video\/mp4","url":"https:\/\/video.twimg.com\/ext_tw_video\/872528502872035328\/pu\/vid\/478x480\/vfIqRq4UrUVsbv5D.mp4"},{"bitrate":1280000,"content_type":"video\/mp4","url":"https:\/\/video.twimg.com\/ext_tw_video\/872528502872035328\/pu\/vid\/720x720\/zPcqhr0zQZopSb2h.mp4"},{"content_type":"application\/x-mpegURL","url":"https:\/\/video.twimg.com\/ext_tw_video\/872528502872035328\/pu\/pl\/9kfiktqpVaJAZu9N.m3u8"},{"bitrate":320000,"content_type":"video\/mp4","url":"https:\/\/video.twimg.com\/ext_tw_video\/872528502872035328\/pu\/vid\/238x240\/vThO8zhkt3f4Nzod.mp4"}]}}]},"extended_entities":{"media":[{"id":872528502872035328,"id_str":"872528502872035328","indices":[129,152],"media_url":"http:\/\/pbs.twimg.com\/ext_tw_video_thumb\/872528502872035328\/pu\/img\/XFHFOcCBj4Py2wh3.jpg","media_url_https":"https:\/\/pbs.twimg.com\/ext_tw_video_thumb\/872528502872035328\/pu\/img\/XFHFOcCBj4Py2wh3.jpg","url":"https:\/\/t.co\/D2uS9yNvhI","display_url":"pic.twitter.com\/D2uS9yNvhI","expanded_url":"https:\/\/twitter.com\/Corbynator2\/status\/872528952455290882\/video\/1","type":"video","sizes":{"large":{"w":738,"h":738,"resize":"fit"},"small":{"w":340,"h":340,"resize":"fit"},"thumb":{"w":150,"h":150,"resize":"crop"},"medium":{"w":600,"h":600,"resize":"fit"}},"source_status_id":872528952455290882,"source_status_id_str":"872528952455290882","source_user_id":795567688722616320,"source_user_id_str":"795567688722616320","video_info":{"aspect_ratio":[1,1],"duration_millis":28416,"variants":[{"bitrate":832000,"content_type":"video\/mp4","url":"https:\/\/video.twimg.com\/ext_tw_video\/872528502872035328\/pu\/vid\/478x480\/vfIqRq4UrUVsbv5D.mp4"},{"bitrate":1280000,"content_type":"video\/mp4","url":"https:\/\/video.twimg.com\/ext_tw_video\/872528502872035328\/pu\/vid\/720x720\/zPcqhr0zQZopSb2h.mp4"},{"content_type":"application\/x-mpegURL","url":"https:\/\/video.twimg.com\/ext_tw_video\/872528502872035328\/pu\/pl\/9kfiktqpVaJAZu9N.m3u8"},{"bitrate":320000,"content_type":"video\/mp4","url":"https:\/\/video.twimg.com\/ext_tw_video\/872528502872035328\/pu\/vid\/238x240\/vThO8zhkt3f4Nzod.mp4"}]}}]}},"retweet_count":90,"favorite_count":108,"entities":{"hashtags":[{"text":"GE2017","indices":[106,113]}],"urls":[{"url":"https:\/\/t.co\/SZWEyJjATi","expanded_url":"https:\/\/twitter.com\/i\/web\/status\/872530668722540544","display_url":"twitter.com\/i\/web\/status\/8\u2026","indices":[115,138]}],"user_mentions":[{"screen_name":"jeremycorbyn","name":"Jeremy Corbyn","id":117777690,"id_str":"117777690","indices":[0,13]}],"symbols":[]},"favorited":false,"retweeted":false,"possibly_sensitive":false,"filter_level":"low","lang":"en"},"is_quote_status":false,"retweet_count":0,"favorite_count":0,"entities":{"hashtags":[{"text":"GE2017","indices":[123,130]}],"urls":[{"url":"","expanded_url":null,"indices":[132,132]}],"user_mentions":[{"screen_name":"Corbynator2","name":"Corbynator","id":795567688722616320,"id_str":"795567688722616320","indices":[3,15]},{"screen_name":"jeremycorbyn","name":"Jeremy Corbyn","id":117777690,"id_str":"117777690","indices":[17,30]}],"symbols":[]},"favorited":false,"retweeted":false,"filter_level":"low","lang":"en","timestamp_ms":"1496878201106"}
{"created_at":"Wed Jun 07 23:30:01 +0000 2017","id":872596537444093952,"id_str":"872596537444093952","text":"RT @ryvr: Stephen Hawking, the world\u2019s smartest man, backs Jeremy Corbyn https:\/\/t.co\/2kl3ayLd44 #TuesdayThoughts","source":"\u003ca href=\"http:\/\/twitter.com\" rel=\"nofollow\"\u003eTwitter Web Client\u003c\/a\u003e","truncated":false,"in_reply_to_status_id":null,"in_reply_to_status_id_str":null,"in_reply_to_user_id":null,"in_reply_to_user_id_str":null,"in_reply_to_screen_name":null,"user":{"id":273731990,"id_str":"273731990","name":"Openly classist","screen_name":"OpenlyClassist","location":"LDN rt\/mention\/follow\/link \u2260 e","url":null,"description":"Infovore, atheist, post-\u24b6, p\/t nihilist, lifelong radiophile, aspiring cultural terrorist \ud83c\udff4  \u262e\ufe0f  \ud83c\uddf5\ud83c\uddf8  \nImages: @laborglitch\/Airside\nM: openlyclassist@x0r.be","protected":false,"verified":false,"followers_count":761,"friends_count":2761,"listed_count":2,"favourites_count":14733,"statuses_count":20934,"created_at":"Tue Mar 29 01:59:32 +0000 2011","utc_offset":3600,"time_zone":"London","geo_enabled":false,"lang":"en","contributors_enabled":false,"is_translator":false,"profile_background_color":"D3E3EB","profile_background_image_url":"http:\/\/abs.twimg.com\/images\/themes\/theme1\/bg.png","profile_background_image_url_https":"https:\/\/abs.twimg.com\/images\/themes\/theme1\/bg.png","profile_background_tile":false,"profile_link_color":"ABB8C2","profile_sidebar_border_color":"FFFFFF","profile_sidebar_fill_color":"DDEEF6","profile_text_color":"333333","profile_use_background_image":true,"profile_image_url":"http:\/\/pbs.twimg.com\/profile_images\/860625902979469312\/ZV7pEmeY_normal.jpg","profile_image_url_https":"https:\/\/pbs.twimg.com\/profile_images\/860625902979469312\/ZV7pEmeY_normal.jpg","profile_banner_url":"https:\/\/pbs.twimg.com\/profile_banners\/273731990\/1494378019","default_profile":false,"default_profile_image":false,"following":null,"follow_request_sent":null,"notifications":null},"geo":null,"coordinates":null,"place":null,"contributors":null,"retweeted_status":{"created_at":"Tue Jun 06 13:25:55 +0000 2017","id":872082122508513281,"id_str":"872082122508513281","text":"Stephen Hawking, the world\u2019s smartest man, backs Jeremy Corbyn https:\/\/t.co\/2kl3ayLd44 #TuesdayThoughts","source":"\u003ca href=\"http:\/\/twitter.com\" rel=\"nofollow\"\u003eTwitter Web Client\u003c\/a\u003e","truncated":false,"in_reply_to_status_id":null,"in_reply_to_status_id_str":null,"in_reply_to_user_id":null,"in_reply_to_user_id_str":null,"in_reply_to_screen_name":null,"user":{"id":51510736,"id_str":"51510736","name":"Ryvr","screen_name":"ryvr","location":"Hartford, CT","url":"http:\/\/www.thefitnesstrain.com\/profile.php?uid=1","description":"I want to be as poetic as Jos\u00e9 Mart\u00ed, as me as myself, & as good as I can. #BernieWouldHaveWon #followback. Certied Personal Trainer, CCSU CS student. \u262e  \ud83c\udf39","protected":false,"verified":false,"followers_count":7583,"friends_count":7565,"listed_count":39,"favourites_count":4989,"statuses_count":2699,"created_at":"Sat Jun 27 18:19:42 +0000 2009","utc_offset":-14400,"time_zone":"Eastern Time (US & Canada)","geo_enabled":false,"lang":"en","contributors_enabled":false,"is_translator":false,"profile_background_color":"9AE4E8","profile_background_image_url":"http:\/\/pbs.twimg.com\/profile_background_images\/621954357\/dej6ehpl2z8quowk0jtf.jpeg","profile_background_image_url_https":"https:\/\/pbs.twimg.com\/profile_background_images\/621954357\/dej6ehpl2z8quowk0jtf.jpeg","profile_background_tile":true,"profile_link_color":"FF7F50","profile_sidebar_border_color":"BDDCAD","profile_sidebar_fill_color":"DDFFCC","profile_text_color":"0084B4","profile_use_background_image":true,"profile_image_url":"http:\/\/pbs.twimg.com\/profile_images\/378800000653053966\/e0d7df8436abff32c4cacece21a83260_normal.jpeg","profile_image_url_https":"https:\/\/pbs.twimg.com\/profile_images\/378800000653053966\/e0d7df8436abff32c4cacece21a83260_normal.jpeg","profile_banner_url":"https:\/\/pbs.twimg.com\/profile_banners\/51510736\/1348613631","default_profile":false,"default_profile_image":false,"following":null,"follow_request_sent":null,"notifications":null},"geo":null,"coordinates":null,"place":null,"contributors":null,"is_quote_status":false,"retweet_count":78,"favorite_count":104,"entities":{"hashtags":[{"text":"TuesdayThoughts","indices":[87,103]}],"urls":[{"url":"https:\/\/t.co\/2kl3ayLd44","expanded_url":"http:\/\/www.independent.co.uk\/news\/science\/stephen-hawking-jeremy-corbyn-labour-theresa-may-conservatives-endorsement-general-election-a7774016.html","display_url":"independent.co.uk\/news\/science\/s\u2026","indices":[63,86]}],"user_mentions":[],"symbols":[]},"favorited":false,"retweeted":false,"possibly_sensitive":false,"filter_level":"low","lang":"en"},"is_quote_status":false,"retweet_count":0,"favorite_count":0,"entities":{"hashtags":[{"text":"TuesdayThoughts","indices":[97,113]}],"urls":[{"url":"https:\/\/t.co\/2kl3ayLd44","expanded_url":"http:\/\/www.independent.co.uk\/news\/science\/stephen-hawking-jeremy-corbyn-labour-theresa-may-conservatives-endorsement-general-election-a7774016.html","display_url":"independent.co.uk\/news\/science\/s\u2026","indices":[73,96]}],"user_mentions":[{"screen_name":"ryvr","name":"Ryvr","id":51510736,"id_str":"51510736","indices":[3,8]}],"symbols":[]},"favorited":false,"retweeted":false,"possibly_sensitive":false,"filter_level":"low","lang":"en","timestamp_ms":"1496878201243"}
{"created_at":"Wed Jun 07 23:30:01 +0000 2017","id":872596538492637185,"id_str":"872596538492637185","text":"RT @TheGreenParty: How you cast your vote will shape the future. Every single vote counts. Tomorrow, #VoteGreen2017. https:\/\/t.co\/QgEdxfnDCK","source":"\u003ca href=\"http:\/\/twitter.com\/download\/android\" rel=\"nofollow\"\u003eTwitter for Android\u003c\/a\u003e","truncated":false,"in_reply_to_status_id":null,"in_reply_to_status_id_str":null,"in_reply_to_user_id":null,"in_reply_to_user_id_str":null,"in_reply_to_screen_name":null,"user":{"id":477177095,"id_str":"477177095","name":"Stu","screen_name":"StuHornett","location":"East, England","url":"http:\/\/www.instagram.com\/stuhornett\/","description":"think outside your own perspective and find transcendence bypassing state opulence","protected":false,"verified":false,"followers_count":321,"friends_count":767,"listed_count":3,"favourites_count":5421,"statuses_count":13603,"created_at":"Sat Jan 28 22:41:07 +0000 2012","utc_offset":0,"time_zone":"Casablanca","geo_enabled":false,"lang":"en","contributors_enabled":false,"is_translator":false,"profile_background_color":"131516","profile_background_image_url":"http:\/\/abs.twimg.com\/images\/themes\/theme14\/bg.gif","profile_background_image_url_https":"https:\/\/abs.twimg.com\/images\/themes\/theme14\/bg.gif","profile_background_tile":false,"profile_link_color":"28CC19","profile_sidebar_border_color":"FFF8AD","profile_sidebar_fill_color":"F6FFD1","profile_text_color":"333333","profile_use_background_image":true,"profile_image_url":"http:\/\/pbs.twimg.com\/profile_images\/866066392608624642\/cAWnMQMm_normal.jpg","profile_image_url_https":"https:\/\/pbs.twimg.com\/profile_images\/866066392608624642\/cAWnMQMm_normal.jpg","profile_banner_url":"https:\/\/pbs.twimg.com\/profile_banners\/477177095\/1494698054","default_profile":false,"default_profile_image":false,"following":null,"follow_request_sent":null,"notifications":null},"geo":null,"coordinates":null,"place":null,"contributors":null,"retweeted_status":{"created_at":"Wed Jun 07 16:04:55 +0000 2017","id":872484524185276416,"id_str":"872484524185276416","text":"How you cast your vote will shape the future. Every single vote counts. Tomorrow, #VoteGreen2017. https:\/\/t.co\/QgEdxfnDCK","display_text_range":[0,97],"source":"\u003ca href=\"https:\/\/studio.twitter.com\" rel=\"nofollow\"\u003eMedia Studio\u003c\/a\u003e","truncated":false,"in_reply_to_status_id":null,"in_reply_to_status_id_str":null,"in_reply_to_user_id":null,"in_reply_to_user_id_str":null,"in_reply_to_screen_name":null,"user":{"id":15529670,"id_str":"15529670","name":"Green Party","screen_name":"TheGreenParty","location":"England and Wales","url":"http:\/\/www.greenparty.org.uk","description":"Help us build a confident & caring country. Follow our Co-Leaders: @jon_bartley & @carolinelucas. https:\/\/www.greenparty.org.uk\/social-imprint.html","protected":false,"verified":true,"followers_count":203185,"friends_count":14156,"listed_count":3356,"favourites_count":1791,"statuses_count":26387,"created_at":"Tue Jul 22 12:14:21 +0000 2008","utc_offset":3600,"time_zone":"London","geo_enabled":true,"lang":"en","contributors_enabled":false,"is_translator":false,"profile_background_color":"6AB023","profile_background_image_url":"http:\/\/pbs.twimg.com\/profile_background_images\/247180619\/twitter_background.jpg","profile_background_image_url_https":"https:\/\/pbs.twimg.com\/profile_background_images\/247180619\/twitter_background.jpg","profile_background_tile":false,"profile_link_color":"6AB023","profile_sidebar_border_color":"87BC44","profile_sidebar_fill_color":"E0FF92","profile_text_color":"000000","profile_use_background_image":false,"profile_image_url":"http:\/\/pbs.twimg.com\/profile_images\/868065360976650240\/9HdknEnW_normal.jpg","profile_image_url_https":"https:\/\/pbs.twimg.com\/profile_images\/868065360976650240\/9HdknEnW_normal.jpg","profile_banner_url":"https:\/\/pbs.twimg.com\/profile_banners\/15529670\/1473345424","default_profile":false,"default_profile_image":false,"following":null,"follow_request_sent":null,"notifications":null},"geo":null,"coordinates":null,"place":null,"contributors":null,"is_quote_status":false,"retweet_count":244,"favorite_count":218,"entities":{"hashtags":[{"text":"VoteGreen2017","indices":[82,96]}],"urls":[],"user_mentions":[],"symbols":[],"media":[{"id":872483705952063492,"id_str":"872483705952063492","indices":[98,121],"media_url":"http:\/\/pbs.twimg.com\/media\/DBuwBI0XsAE9lCY.jpg","media_url_https":"https:\/\/pbs.twimg.com\/media\/DBuwBI0XsAE9lCY.jpg","url":"https:\/\/t.co\/QgEdxfnDCK","display_url":"pic.twitter.com\/QgEdxfnDCK","expanded_url":"https:\/\/twitter.com\/TheGreenParty\/status\/872484524185276416\/video\/1","type":"photo","sizes":{"small":{"w":680,"h":383,"resize":"fit"},"medium":{"w":1200,"h":675,"resize":"fit"},"large":{"w":1280,"h":720,"resize":"fit"},"thumb":{"w":150,"h":150,"resize":"crop"}}}]},"extended_entities":{"media":[{"id":872483705952063492,"id_str":"872483705952063492","indices":[98,121],"media_url":"http:\/\/pbs.twimg.com\/media\/DBuwBI0XsAE9lCY.jpg","media_url_https":"https:\/\/pbs.twimg.com\/media\/DBuwBI0XsAE9lCY.jpg","url":"https:\/\/t.co\/QgEdxfnDCK","display_url":"pic.twitter.com\/QgEdxfnDCK","expanded_url":"https:\/\/twitter.com\/TheGreenParty\/status\/872484524185276416\/video\/1","type":"video","sizes":{"small":{"w":680,"h":383,"resize":"fit"},"medium":{"w":1200,"h":675,"resize":"fit"},"large":{"w":1280,"h":720,"resize":"fit"},"thumb":{"w":150,"h":150,"resize":"crop"}},"video_info":{"aspect_ratio":[16,9],"duration_millis":53800,"variants":[{"bitrate":2176000,"content_type":"video\/mp4","url":"https:\/\/video.twimg.com\/amplify_video\/872483705952063492\/vid\/1280x720\/Xh38RQDNbIA5KAhp.mp4"},{"content_type":"application\/x-mpegURL","url":"https:\/\/video.twimg.com\/amplify_video\/872483705952063492\/pl\/--jJtQ9qICvRblPd.m3u8"},{"bitrate":832000,"content_type":"video\/mp4","url":"https:\/\/video.twimg.com\/amplify_video\/872483705952063492\/vid\/640x360\/UUEta0zSz4d_rbNM.mp4"},{"bitrate":320000,"content_type":"video\/mp4","url":"https:\/\/video.twimg.com\/amplify_video\/872483705952063492\/vid\/320x180\/bDpdzqB4lS6CXBEB.mp4"}]}}]},"favorited":false,"retweeted":false,"possibly_sensitive":false,"filter_level":"low","lang":"en"},"is_quote_status":false,"retweet_count":0,"favorite_count":0,"entities":{"hashtags":[{"text":"VoteGreen2017","indices":[101,115]}],"urls":[],"user_mentions":[{"screen_name":"TheGreenParty","name":"Green Party","id":15529670,"id_str":"15529670","indices":[3,17]}],"symbols":[],"media":[{"id":872483705952063492,"id_str":"872483705952063492","indices":[117,140],"media_url":"http:\/\/pbs.twimg.com\/media\/DBuwBI0XsAE9lCY.jpg","media_url_https":"https:\/\/pbs.twimg.com\/media\/DBuwBI0XsAE9lCY.jpg","url":"https:\/\/t.co\/QgEdxfnDCK","display_url":"pic.twitter.com\/QgEdxfnDCK","expanded_url":"https:\/\/twitter.com\/TheGreenParty\/status\/872484524185276416\/video\/1","type":"photo","sizes":{"small":{"w":680,"h":383,"resize":"fit"},"medium":{"w":1200,"h":675,"resize":"fit"},"large":{"w":1280,"h":720,"resize":"fit"},"thumb":{"w":150,"h":150,"resize":"crop"}},"source_status_id":872484524185276416,"source_status_id_str":"872484524185276416","source_user_id":15529670,"source_user_id_str":"15529670"}]},"extended_entities":{"media":[{"id":872483705952063492,"id_str":"872483705952063492","indices":[117,140],"media_url":"http:\/\/pbs.twimg.com\/media\/DBuwBI0XsAE9lCY.jpg","media_url_https":"https:\/\/pbs.twimg.com\/media\/DBuwBI0XsAE9lCY.jpg","url":"https:\/\/t.co\/QgEdxfnDCK","display_url":"pic.twitter.com\/QgEdxfnDCK","expanded_url":"https:\/\/twitter.com\/TheGreenParty\/status\/872484524185276416\/video\/1","type":"video","sizes":{"small":{"w":680,"h":383,"resize":"fit"},"medium":{"w":1200,"h":675,"resize":"fit"},"large":{"w":1280,"h":720,"resize":"fit"},"thumb":{"w":150,"h":150,"resize":"crop"}},"source_status_id":872484524185276416,"source_status_id_str":"872484524185276416","source_user_id":15529670,"source_user_id_str":"15529670","video_info":{"aspect_ratio":[16,9],"duration_millis":53800,"variants":[{"bitrate":2176000,"content_type":"video\/mp4","url":"https:\/\/video.twimg.com\/amplify_video\/872483705952063492\/vid\/1280x720\/Xh38RQDNbIA5KAhp.mp4"},{"content_type":"application\/x-mpegURL","url":"https:\/\/video.twimg.com\/amplify_video\/872483705952063492\/pl\/--jJtQ9qICvRblPd.m3u8"},{"bitrate":832000,"content_type":"video\/mp4","url":"https:\/\/video.twimg.com\/amplify_video\/872483705952063492\/vid\/640x360\/UUEta0zSz4d_rbNM.mp4"},{"bitrate":320000,"content_type":"video\/mp4","url":"https:\/\/video.twimg.com\/amplify_video\/872483705952063492\/vid\/320x180\/bDpdzqB4lS6CXBEB.mp4"}]}}]},"favorited":false,"retweeted":false,"possibly_sensitive":false,"filter_level":"low","lang":"en","timestamp_ms":"1496878201493"}
{"created_at":"Wed Jun 07 23:30:01 +0000 2017","id":872596538480103425,"id_str":"872596538480103425","text":"RT @UKLabour: #VoteLabour today for a fairer Britain. Find out where to vote, then share this \u2193 https:\/\/t.co\/953WYc2p0c https:\/\/t.co\/kDnXiJ\u2026","source":"\u003ca href=\"http:\/\/twitter.com\/download\/iphone\" rel=\"nofollow\"\u003eTwitter for iPhone\u003c\/a\u003e","truncated":false,"in_reply_to_status_id":null,"in_reply_to_status_id_str":null,"in_reply_to_user_id":null,"in_reply_to_user_id_str":null,"in_reply_to_screen_name":null,"user":{"id":241664322,"id_str":"241664322","name":"Ousama","screen_name":"ousamaZ18","location":"London","url":null,"description":"\ud83c\udde9\ud83c\uddff\ud83c\uddf2\ud83c\udde6","protected":false,"verified":false,"followers_count":386,"friends_count":257,"listed_count":6,"favourites_count":5219,"statuses_count":13179,"created_at":"Sat Jan 22 20:53:11 +0000 2011","utc_offset":3600,"time_zone":"Dublin","geo_enabled":true,"lang":"en","contributors_enabled":false,"is_translator":false,"profile_background_color":"000000","profile_background_image_url":"http:\/\/abs.twimg.com\/images\/themes\/theme1\/bg.png","profile_background_image_url_https":"https:\/\/abs.twimg.com\/images\/themes\/theme1\/bg.png","profile_background_tile":false,"profile_link_color":"DD2E44","profile_sidebar_border_color":"000000","profile_sidebar_fill_color":"000000","profile_text_color":"000000","profile_use_background_image":false,"profile_image_url":"http:\/\/pbs.twimg.com\/profile_images\/832545221653168129\/7sJInoTv_normal.jpg","profile_image_url_https":"https:\/\/pbs.twimg.com\/profile_images\/832545221653168129\/7sJInoTv_normal.jpg","profile_banner_url":"https:\/\/pbs.twimg.com\/profile_banners\/241664322\/1440672580","default_profile":false,"default_profile_image":false,"following":null,"follow_request_sent":null,"notifications":null},"geo":null,"coordinates":null,"place":null,"contributors":null,"retweeted_status":{"created_at":"Tue Jun 06 17:53:55 +0000 2017","id":872149566421966849,"id_str":"872149566421966849","text":"#VoteLabour today for a fairer Britain. Find out where to vote, then share this \u2193 https:\/\/t.co\/953WYc2p0c https:\/\/t.co\/kDnXiJBbCG","display_text_range":[0,105],"source":"\u003ca href=\"https:\/\/ads.twitter.com\" rel=\"nofollow\"\u003eTwitter Ads\u003c\/a\u003e","truncated":false,"in_reply_to_status_id":null,"in_reply_to_status_id_str":null,"in_reply_to_user_id":null,"in_reply_to_user_id_str":null,"in_reply_to_screen_name":null,"user":{"id":14291684,"id_str":"14291684","name":"The Labour Party","screen_name":"UKLabour","location":null,"url":"http:\/\/www.labour.org.uk","description":"We are the UK Labour Party. Follow us for the latest news, speeches, policies and ways to get involved. #ForTheMany #VoteLabour","protected":false,"verified":true,"followers_count":447368,"friends_count":14134,"listed_count":3986,"favourites_count":197,"statuses_count":20810,"created_at":"Thu Apr 03 08:57:48 +0000 2008","utc_offset":3600,"time_zone":"London","geo_enabled":false,"lang":"en","contributors_enabled":false,"is_translator":false,"profile_background_color":"F0F0F0","profile_background_image_url":"http:\/\/pbs.twimg.com\/profile_background_images\/711224542\/79d5911088c3a717327231614332cea2.png","profile_background_image_url_https":"https:\/\/pbs.twimg.com\/profile_background_images\/711224542\/79d5911088c3a717327231614332cea2.png","profile_background_tile":false,"profile_link_color":"000000","profile_sidebar_border_color":"FFFFFF","profile_sidebar_fill_color":"EBF6FA","profile_text_color":"333333","profile_use_background_image":true,"profile_image_url":"http:\/\/pbs.twimg.com\/profile_images\/868171569163456512\/7m8HfLCW_normal.jpg","profile_image_url_https":"https:\/\/pbs.twimg.com\/profile_images\/868171569163456512\/7m8HfLCW_normal.jpg","profile_banner_url":"https:\/\/pbs.twimg.com\/profile_banners\/14291684\/1493459322","default_profile":false,"default_profile_image":false,"following":null,"follow_request_sent":null,"notifications":null},"geo":null,"coordinates":null,"place":null,"contributors":null,"is_quote_status":false,"retweet_count":1896,"favorite_count":2217,"entities":{"hashtags":[{"text":"VoteLabour","indices":[0,11]}],"urls":[{"url":"https:\/\/t.co\/953WYc2p0c","expanded_url":"http:\/\/bit.ly\/2s0qDvb","display_url":"bit.ly\/2s0qDvb","indices":[82,105]}],"user_mentions":[],"symbols":[],"media":[{"id":872128714359943168,"id_str":"872128714359943168","indices":[106,129],"media_url":"http:\/\/pbs.twimg.com\/media\/DBwEmerWAAAQTmz.jpg","media_url_https":"https:\/\/pbs.twimg.com\/media\/DBwEmerWAAAQTmz.jpg","url":"https:\/\/t.co\/kDnXiJBbCG","display_url":"pic.twitter.com\/kDnXiJBbCG","expanded_url":"https:\/\/twitter.com\/UKLabour\/status\/872149566421966849\/video\/1","type":"photo","sizes":{"small":{"w":680,"h":383,"resize":"fit"},"medium":{"w":1200,"h":675,"resize":"fit"},"large":{"w":1280,"h":720,"resize":"fit"},"thumb":{"w":150,"h":150,"resize":"crop"}}}]},"extended_entities":{"media":[{"id":872128714359943168,"id_str":"872128714359943168","indices":[106,129],"media_url":"http:\/\/pbs.twimg.com\/media\/DBwEmerWAAAQTmz.jpg","media_url_https":"https:\/\/pbs.twimg.com\/media\/DBwEmerWAAAQTmz.jpg","url":"https:\/\/t.co\/kDnXiJBbCG","display_url":"pic.twitter.com\/kDnXiJBbCG","expanded_url":"https:\/\/twitter.com\/UKLabour\/status\/872149566421966849\/video\/1","type":"video","sizes":{"small":{"w":680,"h":383,"resize":"fit"},"medium":{"w":1200,"h":675,"resize":"fit"},"large":{"w":1280,"h":720,"resize":"fit"},"thumb":{"w":150,"h":150,"resize":"crop"}},"video_info":{"aspect_ratio":[16,9],"duration_millis":30000,"variants":[{"bitrate":320000,"content_type":"video\/mp4","url":"https:\/\/video.twimg.com\/amplify_video\/872128714359943168\/vid\/320x180\/9TOZzdozAcHeX9Y8.mp4"},{"content_type":"application\/x-mpegURL","url":"https:\/\/video.twimg.com\/amplify_video\/872128714359943168\/pl\/SvWq2Zczecd4aPvu.m3u8"},{"bitrate":832000,"content_type":"video\/mp4","url":"https:\/\/video.twimg.com\/amplify_video\/872128714359943168\/vid\/640x360\/ohNQYZtUWLy5b5pI.mp4"},{"bitrate":2176000,"content_type":"video\/mp4","url":"https:\/\/video.twimg.com\/amplify_video\/872128714359943168\/vid\/1280x720\/YK2Ta2LdyAKUbHLZ.mp4"}]}}]},"favorited":false,"retweeted":false,"possibly_sensitive":false,"scopes":{"followers":false},"filter_level":"low","lang":"en"},"is_quote_status":false,"retweet_count":0,"favorite_count":0,"entities":{"hashtags":[{"text":"VoteLabour","indices":[14,25]}],"urls":[{"url":"https:\/\/t.co\/953WYc2p0c","expanded_url":"http:\/\/bit.ly\/2s0qDvb","display_url":"bit.ly\/2s0qDvb","indices":[96,119]}],"user_mentions":[{"screen_name":"UKLabour","name":"The Labour Party","id":14291684,"id_str":"14291684","indices":[3,12]}],"symbols":[]},"favorited":false,"retweeted":false,"possibly_sensitive":false,"filter_level":"low","lang":"en","timestamp_ms":"1496878201490"}
